文献1,文献2,共享被引文献数
A Data Prediction an...(2025.0),Short-Term Electrici...(2024.0),1
A Data Prediction an...(2025.0),基于深度学习-强化学习联合算法的电力调度...(2025.0),1
A Three-Stage Hybrid...(2025.0),能源气候韧性下用电敏感行业识别与负荷预测...(2025.0),1
A Three-Stage Hybrid...(2025.0),基于火用损能效评估的多能耦合微电网双层协...(2025.0),1
AI-driven smart grid...(2025.0),新能源系统负荷预测优化模型研究...(2025.0),1
DBSRad‐LSTM: DBSCAN ...(2025.0),Transforming smart h...(2024.0),1
Designing personaliz...(2025.0),Optimizing electrici...(2025.0),1
Designing personaliz...(2025.0),面向集装箱船能量管理的船舶微电网全航程经济调度策略...,1
Designing personaliz...(2025.0),基于标准化麻雀搜索算法的微电网调度研究...(2024.0),1
ICEEMDAN- and LSTM-E...(2025.0),风-光-柴-储微电网能量管理的日前优化调...(2024.0),1
ICEEMDAN- and LSTM-E...(2025.0),基于大数据分析的电力调度自动化负荷预测模...(2025.0),1
Load forecasting bas...(2025.0),基于改进哈里斯鹰算法的多能源微电网智能优...(2025.0),1
Load forecasting bas...(2025.0),基于多能互补的微电网调度策略研究...(2024.0),1
Optimizing electrici...(2025.0),面向集装箱船能量管理的船舶微电网全航程经济调度策略...,1
Optimizing electrici...(2025.0),基于标准化麻雀搜索算法的微电网调度研究...(2024.0),1
Research on explaina...(2025.0),基于人工智能的配电网负荷预测技术设计与应...(2025.0),1
人工智能在电力负荷预测中的应用研究...(2025.0),基于ADKDE-LSTM的变电站短期负荷...(2025.0),1
人工智能在电力负荷预测中的应用研究...(2025.0),考虑用户侧共享储能的山区微电网优化调度策...(2025.0),1
基于ADKDE-LSTM的变电站短期负荷...(2025.0),考虑用户侧共享储能的山区微电网优化调度策...(2025.0),1
基于VMD-IPO-CNN-ATT-Bi...(2025.0),多策略改进白鲨算法的风光氢储微电网优化调...(2025.0),1
基于合作博弈的风光储微电网群能量管理研究...(2025.0),融合VMD-MPC算法的多微电网能量调度...(2024.0),1
基于改进哈里斯鹰算法的多能源微电网智能优...(2025.0),基于多能互补的微电网调度策略研究...(2024.0),1
考虑共享储能与综合需求响应协同的多区域风...(2025.0),一种双阶段电力数据异常分析模型...(2025.0),1
考虑共享储能与综合需求响应协同的多区域风...(2025.0),人工智能技术在10 kV配电网设计中的应...(2025.0),1
考虑共享储能与综合需求响应协同的多区域风...(2025.0),基于深度学习的电力输配电线路节能降耗技术...(2025.0),1
考虑需求侧响应的微电网经济优化调度研究...(2025.0),考虑源荷预测的改进多目标粒子群微电网优化...(2024.0),1
能源气候韧性下用电敏感行业识别与负荷预测...(2025.0),基于火用损能效评估的多能耦合微电网双层协...(2025.0),1
Short-Term Electrici...(2024.0),基于深度学习-强化学习联合算法的电力调度...(2025.0),1
基于多目标优化算法的电力系统优化调度研究...(2024.0),基于深度学习的电网负荷预测与调度优化研究...(2025.0),1
风-光-柴-储微电网能量管理的日前优化调...(2024.0),基于大数据分析的电力调度自动化负荷预测模...(2025.0),1
面向集装箱船能量管理的船舶微电网全航程经济调度策略...,基于标准化麻雀搜索算法的微电网调度研究...(2024.0),1
一种双阶段电力数据异常分析模型...(2025.0),人工智能技术在10 kV配电网设计中的应...(2025.0),1
一种双阶段电力数据异常分析模型...(2025.0),基于深度学习的电力输配电线路节能降耗技术...(2025.0),1
人工智能技术在10 kV配电网设计中的应...(2025.0),基于深度学习的电力输配电线路节能降耗技术...(2025.0),1
